Nome do Produto;Preço do Produto
212 Vip Rosé Carolina Herrera - Perfume Feminino - Eau de Parfum, Carolina Herrera;R$355
Antonio Banderas Her Secret Temptation 80Ml, Antonio Banderas;R$148
Britney Spears Fantasy Femme Edp 100ml;R$185
Calvin Klein Euphoria Feminino Eau De Parfum 100Ml,;R$307
Christian Dior Addict Eau De Parfum - 50ML;R$595
Christian Dior Fahrenheit, Eau de Toilette, 100 ml;R$684
Christian Dior Jadore Eau de Parfum - 100ML;R$739
Christian Dior Miss Dior Absolutely Blooming Eau de Parfum 100ml;R$819
Christian Dior Miss Dior Blooming Bouquet Eau de Toilette - 100ML;R$808
Christian Dior Miss Dior Blooming Bouquet Eau de Toilette - 100ML;R$815
Christian Dior Miss Dior Blooming Bouquet Eau de Toilette - 30ML;R$428
DIOR J'ADORE 100 ML;R$811
DIOR MISS DIOR BODY MIST 100ML 288835;R$405
Dior Miss Dior Eau de Parfum 100ml;R$825
Dior Miss Dior Eau de Parfum 50ml;R$695
Dior Perfume Miss Edp 100Ml;R$815
Dolce&Gabbana Perfume Light Blue Feminino Eau de Toilette 25ml;R$239
Eau De Parfum Spray 3.3 oz;R$81
Good Girl - Perfume Feminino - Eau de Parfum, Carolina Herrera;R$535
Good Girl Suprême - Perfume Feminino - Edp, Carolina Herrera;R$505
Hypnotic Poison Dior - Perfume Feminino - Eau de Toilette 50ml;R$578
Hypnotic Poison Eau de Toilette - 100 ml;R$714
Imp Miss Dior Fem 30Ml, Dior;R$479
JiEau de Parfum, Jimmy Choo;R$589
J’adore Infinissime Dior Perfume Feminino EDP 100ml;R$849
Lancome Lancôme Kit Idôle Edp 50Ml + Idôle La Power Cream 50Ml + Mini Máscara Idôle;R$569
Lancome Lancôme Kit La Vie Est Belle Edp 100Ml + Loção Corporal 50Ml + Travel Size 10Ml + Mini Máscara Hypnose;R$767
Lancôme, La Vie est Belle EDP, Perfume Feminino;R$235
Lancôme, La Vie est Belle EDP, Perfume Feminino;R$435
Lancôme, La Vie est Belle Iris Absolu EDP, Perfume Feminino, 30 ml;R$325
Miss Dior (Miss Dior Cherie) de Christian Dior Eau De Parfum Spray (Nova Embalagem) 3,4 Onça;R$790
Miss Dior Blooming Bouquet Eau de Toilette Feminino 100 ml;R$788
Miss Dior Rose NRoses Eau de Toilette - Perfume Feminino 50ml;R$519
Naturelle Chloé – Perfume Feminino – Eau de Parfum 100ml;R$540
Nbp Miss For Women Edp Spray 100 Ml, New Brand, Sem Cor;R$89
Perfume Flower By Kenzo Feminino Eau De Parfum 100ml;R$424
Perfume Jadore 50ml Edp Feminino Christian Dior;R$695
Perfume Miss Dior Feminino Eau De Parfum 100ml;R$899
Perfume Miss Feminino Eau de Parfum 100 ml;R$1.748
Ralph Lauren, Polo Blue EDT, Perfume Masculino;R$441
Ralph Lauren, Ralph's Club Parfum, Perfume Masculino;R$426
SCAPIN 245 O.U.I;R$214
VERSACE 510032 Bright Crystal Perfume Feminino, Eau de Toilette, 90 Ml;R$528
